gender,math_score,reading_score,writing_score,overall_score
Female,85,90,88,87.66666666666667
Male,72,70,68,70.0
Female,90,92,94,92.0
Male,65,68,65,66.0
Female,78,85,82,81.66666666666667
Male,88,84,86,86.0
Female,92,95,96,94.33333333333333
Male,70,72,70,70.66666666666667
Female,95,96,95,95.33333333333333
Male,68,65,64,65.66666666666667
Female,82,88,90,86.66666666666667
Male,75,78,76,76.33333333333333
Female,89,91,93,91.0
Male,80,82,80,80.66666666666667
Female,91,94,92,92.33333333333333
Male,73,75,72,73.33333333333333
Female,87,89,88,88.0
Male,69,71,69,69.66666666666667
Female,94,97,96,95.66666666666667
Male,76,80,78,78.0
